Node ID,Node Name,Zone ID,Zone Name
24138,59TH STREET_GT_1,61761.0,N.Y.C.
24260,74TH STREET_GT_1,61761.0,N.Y.C.
24261,74TH STREET_GT_2,61761.0,N.Y.C.
24011,ADK HUDSON___FALLS,61757.0,CAPITL
23798,ADK RESOURCE___RCVRY,61757.0,CAPITL
24028,ADK S GLENS___FALLS,61757.0,CAPITL
23527,ADK_NYS___DAM,61757.0,CAPITL
24190,AIR_PRODUCTS___DRP,61757.0,CAPITL
23571,ALBANY___1,61757.0,CAPITL
23572,ALBANY___2,61757.0,CAPITL
23573,ALBANY___3,61757.0,CAPITL
23574,ALBANY___4,61757.0,CAPITL
323615,ALBANY___LFGE,61757.0,CAPITL
323711,ALCOA___DSASP,61755.0,NORTH
24188,ALCOA_RYNLDS___DRP,61755.0,NORTH
23514,ALLEGHENY___COGEN,61753.0,GENESE
323606,ALTONA_WT_PWR,61755.0,NORTH
24010,AMERICAN_REF_FUEL,61752.0,WEST
23512,ARTHUR_KILL_2,61761.0,N.Y.C.
23513,ARTHUR_KILL_3,61761.0,N.Y.C.
323718,ARTHUR_KILL_COGEN,61761.0,N.Y.C.
23520,ARTHUR KILL_GT_1,61761.0,N.Y.C.
23654,ASHOKAN____,61758.0,HUD VL
323581,ASTORIA_EAST_ENERGY_CC1,61761.0,N.Y.C.
323582,ASTORIA_EAST_ENERGY_CC2,61761.0,N.Y.C.
23523,ASTORIA_GT_1,61761.0,N.Y.C.
24110,ASTORIA_GT_10,61761.0,N.Y.C.
24225,ASTORIA_GT_11,61761.0,N.Y.C.
24226,ASTORIA_GT_12,61761.0,N.Y.C.
24227,ASTORIA_GT_13,61761.0,N.Y.C.
24106,ASTORIA_GT_5,61761.0,N.Y.C.
24107,ASTORIA_GT_7,61761.0,N.Y.C.
24108,ASTORIA_GT_8,61761.0,N.Y.C.
24094,ASTORIA_GT2_1,61761.0,N.Y.C.
24095,ASTORIA_GT2_2,61761.0,N.Y.C.
24096,ASTORIA_GT2_3,61761.0,N.Y.C.
24097,ASTORIA_GT2_4,61761.0,N.Y.C.
24098,ASTORIA_GT3_1,61761.0,N.Y.C.
24099,ASTORIA_GT3_2,61761.0,N.Y.C.
24100,ASTORIA_GT3_3,61761.0,N.Y.C.
24101,ASTORIA_GT3_4,61761.0,N.Y.C.
24102,ASTORIA_GT4_1,61761.0,N.Y.C.
24103,ASTORIA_GT4_2,61761.0,N.Y.C.
24104,ASTORIA_GT4_3,61761.0,N.Y.C.
24105,ASTORIA_GT4_4,61761.0,N.Y.C.
24149,ASTORIA___2,61761.0,N.Y.C.
23516,ASTORIA___3,61761.0,N.Y.C.
23517,ASTORIA___4,61761.0,N.Y.C.
23518,ASTORIA___5,61761.0,N.Y.C.
323677,AST_ENERGY_2_CC3,61761.0,N.Y.C.
323678,AST_ENERGY_2_CC4,61761.0,N.Y.C.
23668,ATHENS_STG_1,61757.0,CAPITL
23670,ATHENS_STG_2,61757.0,CAPITL
23677,ATHENS_STG_3,61757.0,CAPITL
323710,AUBURN___LFGE,61754.0,CENTRL
323704,BABYLON_RES_REC,61762.0,LONGIL
23704,BARRETT_IC_1,61762.0,LONGIL
23701,BARRETT_IC_10,61762.0,LONGIL
23702,BARRETT_IC_11,61762.0,LONGIL
23703,BARRETT_IC_12,61762.0,LONGIL
23705,BARRETT_IC_2,61762.0,LONGIL
23706,BARRETT_IC_3,61762.0,LONGIL
23707,BARRETT_IC_4,61762.0,LONGIL
23708,BARRETT_IC_5,61762.0,LONGIL
23709,BARRETT_IC_6,61762.0,LONGIL
23710,BARRETT_IC_7,61762.0,LONGIL
23711,BARRETT_IC_8,61762.0,LONGIL
23700,BARRETT_IC_9,61762.0,LONGIL
23545,BARRETT___1,61762.0,LONGIL
23546,BARRETT___2,61762.0,LONGIL
323682,BAYONEEC___CTG1,61761.0,N.Y.C.
323750,BAYONEEC___CTG10,61761.0,N.Y.C.
323683,BAYONEEC___CTG2,61761.0,N.Y.C.
323684,BAYONEEC___CTG3,61761.0,N.Y.C.
323685,BAYONEEC___CTG4,61761.0,N.Y.C.
323686,BAYONEEC___CTG5,61761.0,N.Y.C.
323687,BAYONEEC___CTG6,61761.0,N.Y.C.
323688,BAYONEEC___CTG7,61761.0,N.Y.C.
323689,BAYONEEC___CTG8,61761.0,N.Y.C.
323749,BAYONEEC___CTG9,61761.0,N.Y.C.
323632,BEACON___LESR,61757.0,CAPITL
24048,BEAVER RIVER___HYD,61756.0,MHK VL
23619,BEEBEE_GT_13,61753.0,GENESE
23843,BETHLEHEM___GRP,61757.0,CAPITL
323560,BETHLEHEM___GS1,61757.0,CAPITL
323561,BETHLEHEM___GS2,61757.0,CAPITL
323562,BETHLEHEM___GS3,61757.0,CAPITL
23779,BETHLEHEM___STEEL,61752.0,WEST
323564,BETHPAGE_CC_5,61762.0,LONGIL
345034,BIGTREE_115_KV_TB2_REV_LBMP_A,61752.0,WEST
23790,BINGHAMTON___COGEN,61754.0,CENTRL
24047,BLACK RIVER___HYD,61756.0,MHK VL
323608,BLISS_WT_PWR,61752.0,WEST
24182,BLUE_CIRC_CHEM_DRP,61757.0,CAPITL
24189,BOC_GAS_DRP,61757.0,CAPITL
23824,BORALEX_4TH_BRANCH,61757.0,CAPITL
23526,BOWLINE___1,61758.0,HUD VL
23595,BOWLINE___2,61758.0,HUD VL
24191,BROOKHAVEN___DRP,61762.0,LONGIL
23515,BROOKLYN_NAVY_YARD,61761.0,N.Y.C.
323595,BROOKLYN___ARMY_DRP,61761.0,N.Y.C.
323671,BROOME_2_LFGE,61754.0,CENTRL
323600,BROOME___LFGE,61754.0,CENTRL
23803,BURROWS___LYONSDAL,61756.0,MHK VL
323624,CAITHNESS_CC_1,61762.0,LONGIL
323586,CALPINE_BETH_PAGE_GT_4,61762.0,LONGIL
23823,CALPINE_BP_GT1,61762.0,LONGIL
24209,CALPINE BETH_PAGE_GT4,61762.0,LONGIL
24200,CALSPAN___DRP,61752.0,WEST
323617,CANDIGU_WT_PWR,61754.0,CENTRL
24060,CARR STREET_E._SYR,61754.0,CENTRL
23857,CARTHAGE___PAPER,61756.0,MHK VL
24195,CE_NYC_DRP,61761.0,N.Y.C.
24202,CE_NYC2_DRP,61761.0,N.Y.C.
24194,CE_DUNWOOD___DRP,61760.0,DUNWOD
24193,CE_MILLWOOD___DRP,61759.0,MILLWD
23765,CH_MISC_IPPS,61758.0,HUD VL
23895,CH_RES_NIAGARA,61752.0,WEST
23985,CH_RES_SYRACUSE,61754.0,CENTRL
323603,CHAFFEE___LFGE,61752.0,WEST
323614,CHATEAUG_WT_PWR,61755.0,NORTH
323578,CHAT_HIGH_FALL_HYD,61755.0,NORTH
323629,CHAUTAUQUA___LFGE,61752.0,WEST
24192,CH_MIDHUDSON___DRP,61758.0,HUD VL
23983,CH_RES_BVR_FALLS,61756.0,MHK VL
323605,CLINTON_WT_PWR,61755.0,NORTH
323618,CLINTON___LFGE,61755.0,NORTH
323577,COLONIE_LFGE__,61757.0,CAPITL
23752,CORNELL____,61754.0,CENTRL
23611,COXSACKIE___GT,61758.0,HUD VL
323721,CPV_VALLEY___CC1,61758.0,HUD VL
323722,CPV_VALLEY___CC2,61758.0,HUD VL
24018,CRESCENT___HYD,61757.0,CAPITL
24180,CRUCIBLE_METL_DRP,61754.0,CENTRL
24222,CSC___481_PGEN,61762.0,LONGIL
323619,DANC___LFGE,61756.0,MHK VL
23586,DANSKAMMER___1,61758.0,HUD VL
23589,DANSKAMMER___2,61758.0,HUD VL
23590,DANSKAMMER___3,61758.0,HUD VL
23591,DANSKAMMER___4,61758.0,HUD VL
23592,DANSKAMMER___DIESEL,61758.0,HUD VL
23610,DASHVILLE___HYD,61758.0,HUD VL
323621,DELAWARE___LFGE,61756.0,MHK VL
23807,DOGLEVILLE___HYD,61756.0,MHK VL
23563,DUNKIRK___1,61752.0,WEST
23564,DUNKIRK___2,61752.0,WEST
23565,DUNKIRK___3,61752.0,WEST
23566,DUNKIRK___4,61752.0,WEST
345000,DUNWOODS_138_KV_38W08_REV_LBMP_I,61760.0,DUNWOD
345009,E.WALDEN_115_KV_TR_1_REV_LBMP_G,61758.0,HUD VL
345001,E179THST_138_KV_TB4_REV_LBMP_J,61761.0,N.Y.C.
23607,EAST___DELAWARE_HYD,61758.0,HUD VL
23717,EAST HAMPTON___GT,61762.0,LONGIL
23660,EAST RIVER___6,61761.0,N.Y.C.
23524,EAST RIVER___7,61761.0,N.Y.C.
345002,EASTVIEW_138_KV_38W32_REV_LBMP_I,61760.0,DUNWOD
23722,EAST_HAMPTON___DIESEL,61762.0,LONGIL
323558,EAST_RIVER___1,61761.0,N.Y.C.
323559,EAST_RIVER___2,61761.0,N.Y.C.
24086,ELEC_TRO_TEK,61762.0,LONGIL
323604,ELLENBURG_WT_PWR,61755.0,NORTH
345012,ELM_ST_23_KV_LD_REV_LBMP_A,61752.0,WEST
323656,EMPIRE_CC_1,61757.0,CAPITL
323658,EMPIRE_CC_2,61757.0,CAPITL
323693,ERIE_WT_PWR,61752.0,WEST
345029,ETNA_115_KV_TB1_REV_LBMP_C,61754.0,CENTRL
24051,E_CANADA_CAP_HY,61757.0,CAPITL
24050,E_CANADA_MHWK_HY,61756.0,MHK VL
23776,E_FISHKILL___LBMP,61759.0,MILLWD
23548,FAR ROCKAWAY___4,61762.0,LONGIL
323566,FARRAGUT___LBMP,61761.0,N.Y.C.
345003,FARRAGUT_138_KV_32071_REV_LBMP_J,61761.0,N.Y.C.
345016,FARRAGUT_138_KV_38B01_REV_LBMP_J,61761.0,N.Y.C.
345017,FARRAGUT_138_KV_38M12_REV_LBMP_J,61761.0,N.Y.C.
24204,FENNER___WINDPWR,61754.0,CENTRL
23856,FIBERTEK___ENERGY,61754.0,CENTRL
23598,FITZPATRICK____,61754.0,CENTRL
345010,FORGEBRK_115_KV_TR1_2_REV_LBMP_G,61758.0,HUD VL
23780,FORT_DRUM_COGEN,61756.0,MHK VL
23900,FORT ORANGE____,61757.0,CAPITL
24212,FPL FAR_ROCK_GT1,61762.0,LONGIL
23815,FPL FAR_ROCK_GT2,61762.0,LONGIL
24054,FRANKLIN_FALL_HYD,61755.0,NORTH
23764,FREEPORT_EQUS_GT1,61762.0,LONGIL
23818,FREEPORT___CT2,61762.0,LONGIL
323630,FULTON___LFGE,61757.0,CAPITL
23766,FULTON COGEN____,61754.0,CENTRL
24184,G.F.CEMENT___DRP,61757.0,CAPITL
24039,GARDENVILLE___LBMP,61752.0,WEST
23808,GENERAL___MILLS,61752.0,WEST
24183,GE_PLASTICS___DRP,61757.0,CAPITL
23756,GILBOA___1,61757.0,CAPITL
23757,GILBOA___2,61757.0,CAPITL
23758,GILBOA___3,61757.0,CAPITL
23759,GILBOA___4,61757.0,CAPITL
23599,GILBOA____,61757.0,CAPITL
23603,GINNA____,61753.0,GENESE
23778,GLEN PARK____,61756.0,MHK VL
23550,GLENWOOD___4,61762.0,LONGIL
23614,GLENWOOD___5,61762.0,LONGIL
23712,GLENWOOD_IC_1_G5,61762.0,LONGIL
23688,GLENWOOD_IC_2_G1,61762.0,LONGIL
23689,GLENWOOD_IC_3_G1,61762.0,LONGIL
23814,GLOBAL GREEN_PORT_GT1,61762.0,LONGIL
323697,GLOBE___DSASP,61752.0,WEST
323567,GOETHSLN___LBMP,61761.0,N.Y.C.
323669,GOODYEAR_LAKE_HYD,61756.0,MHK VL
23579,GOUDEY___7,61754.0,CENTRL
23580,GOUDEY___8,61754.0,CENTRL
345031,GOUDEY_115_KV_TB6_REV_LBMP_C,61754.0,CENTRL
24077,GOWANUS_GT1_1,61761.0,N.Y.C.
24078,GOWANUS_GT1_2,61761.0,N.Y.C.
24079,GOWANUS_GT1_3,61761.0,N.Y.C.
24080,GOWANUS_GT1_4,61761.0,N.Y.C.
24084,GOWANUS_GT1_5,61761.0,N.Y.C.
24111,GOWANUS_GT1_6,61761.0,N.Y.C.
24112,GOWANUS_GT1_7,61761.0,N.Y.C.
24113,GOWANUS_GT1_8,61761.0,N.Y.C.
24114,GOWANUS_GT2_1,61761.0,N.Y.C.
24115,GOWANUS_GT2_2,61761.0,N.Y.C.
24116,GOWANUS_GT2_3,61761.0,N.Y.C.
24117,GOWANUS_GT2_4,61761.0,N.Y.C.
24118,GOWANUS_GT2_5,61761.0,N.Y.C.
24119,GOWANUS_GT2_6,61761.0,N.Y.C.
24120,GOWANUS_GT2_7,61761.0,N.Y.C.
24121,GOWANUS_GT2_8,61761.0,N.Y.C.
24122,GOWANUS_GT3_1,61761.0,N.Y.C.
24123,GOWANUS_GT3_2,61761.0,N.Y.C.
24124,GOWANUS_GT3_3,61761.0,N.Y.C.
24125,GOWANUS_GT3_4,61761.0,N.Y.C.
24126,GOWANUS_GT3_5,61761.0,N.Y.C.
24127,GOWANUS_GT3_6,61761.0,N.Y.C.
24128,GOWANUS_GT3_7,61761.0,N.Y.C.
24129,GOWANUS_GT3_8,61761.0,N.Y.C.
24130,GOWANUS_GT4_1,61761.0,N.Y.C.
24131,GOWANUS_GT4_2,61761.0,N.Y.C.
24132,GOWANUS_GT4_3,61761.0,N.Y.C.
24133,GOWANUS_GT4_4,61761.0,N.Y.C.
24134,GOWANUS_GT4_5,61761.0,N.Y.C.
24135,GOWANUS_GT4_6,61761.0,N.Y.C.
24136,GOWANUS_GT4_7,61761.0,N.Y.C.
24137,GOWANUS_GT4_8,61761.0,N.Y.C.
23582,GREENIDGE___3,61754.0,CENTRL
23583,GREENIDGE___4,61754.0,CENTRL
345004,GREENWD_138_KV_38B11_REV_LBMP_J,61761.0,N.Y.C.
323602,GROVEVILLE___HYD,61758.0,HUD VL
323593,HAMPSHIRE___PAPER_HYD,61756.0,MHK VL
323673,HARDSCRABBLE_WT_PWR,61756.0,MHK VL
345025,HARRIMAN_69_KV_BK771_REV_LBMP_G,61758.0,HUD VL
24016,HARZA MOOSE___RIVER,61756.0,MHK VL
345018,HELLGT_W_13_KV_BRUCKNER_REV_LBMP_J,61761.0,N.Y.C.
23647,HEMPSTEAD____,61762.0,LONGIL
23621,HICKLING___1,61754.0,CENTRL
23622,HICKLING___2,61754.0,CENTRL
23754,HIGH FALLS___HY,61758.0,HUD VL
23639,HILLBURN___GT,61758.0,HUD VL
323625,HISHELDN_WT_PWR,61754.0,CENTRL
23690,HOLTSVILLE_IC_1,61762.0,LONGIL
23699,HOLTSVILLE_IC_10,61762.0,LONGIL
23691,HOLTSVILLE_IC_2,61762.0,LONGIL
23692,HOLTSVILLE_IC_3,61762.0,LONGIL
23693,HOLTSVILLE_IC_4,61762.0,LONGIL
23694,HOLTSVILLE_IC_5,61762.0,LONGIL
23695,HOLTSVILLE_IC_6,61762.0,LONGIL
23696,HOLTSVILLE_IC_7,61762.0,LONGIL
23697,HOLTSVILLE_IC_8,61762.0,LONGIL
23698,HOLTSVILLE_IC_9,61762.0,LONGIL
323690,HOWARD_WT_PWR,61754.0,CENTRL
23644,HQ_GEN_CEDARS,61755.0,NORTH
24168,HUDSON_AVE_10,61761.0,N.Y.C.
23810,HUDSON AVE_GT_3,61761.0,N.Y.C.
23540,HUDSON AVE_GT_4,61761.0,N.Y.C.
23657,HUDSON AVE_GT_5,61761.0,N.Y.C.
323613,HUNTER MOUNT___DRP,61758.0,HUD VL
323705,HUNTINGTON_RES_REC,61762.0,LONGIL
23557,HUNTLEY___63,61752.0,WEST
23558,HUNTLEY___64,61752.0,WEST
23559,HUNTLEY___65,61752.0,WEST
23560,HUNTLEY___66,61752.0,WEST
23561,HUNTLEY___67,61752.0,WEST
23562,HUNTLEY___68,61752.0,WEST
323620,HYLAND___LFGE,61753.0,GENESE
23802,INDECK___CORINTH,61757.0,CAPITL
23567,INDECK___ILION,61756.0,MHK VL
23982,INDECK___OLEAN,61752.0,WEST
23783,INDECK___OSWEGO,61754.0,CENTRL
23781,INDECK___YERKES,61752.0,WEST
24139,INDIAN POINT_GT_1,61759.0,MILLWD
23659,INDIAN POINT_GT_2,61759.0,MILLWD
24019,INDIAN POINT_GT_3,61759.0,MILLWD
23530,INDIAN POINT___2,61759.0,MILLWD
23531,INDIAN POINT___3,61759.0,MILLWD
23804,IP___TICONDEROGA,61757.0,CAPITL
23988,IP CORINTH___1,61757.0,CAPITL
323679,ISLIP_RES_REC,61762.0,LONGIL
23743,JARVIS____,61756.0,MHK VL
23625,JENNISON___1,61756.0,MHK VL
23626,JENNISON___2,61756.0,MHK VL
323719,JERICHO_RISE_WT_PWR,61755.0,NORTH
24219,KEDC_GLWD_GT4,61762.0,LONGIL
24220,KEDC_GLWD_GT5,61762.0,LONGIL
24210,KEDC PORT_JEFF_GT2,61762.0,LONGIL
24211,KEDC PORT_JEFF_GT3,61762.0,LONGIL
23655,KENSICO____,61760.0,DUNWOD
345021,KERHONKS_69_KV_TR1_REV_LBMP_G,61758.0,HUD VL
23541,KIAC_JFK_AIRPORT,61761.0,N.Y.C.
23816,KIAC_JFK_GT1,61761.0,N.Y.C.
23817,KIAC_JFK_GT2,61761.0,N.Y.C.
23543,KINTIGH____,61752.0,WEST
23769,LEDERLE____,61758.0,HUD VL
23786,LINDEN COGEN____,61761.0,N.Y.C.
23656,LIPA_MISC_IPP,61762.0,LONGIL
323691,LISF___SOLAR,61762.0,LONGIL
24013,LITTLE FALLS___HYD,61756.0,MHK VL
323616,LI_NEWBRDGE___DRP,61762.0,LONGIL
24014,LONG_LAKE_PHOENIX,61754.0,CENTRL
23632,LOVETT___3,61758.0,HUD VL
23642,LOVETT___4,61758.0,HUD VL
23593,LOVETT___5,61758.0,HUD VL
24059,LOWER___HUDSON,61757.0,CAPITL
24057,LOWER RAQUET___HYD,61756.0,MHK VL
23850,LWR___OSWEGATCHIE_HYD,61756.0,MHK VL
23570,LYONS_FALL_HYD,61756.0,MHK VL
323628,MADISON___COUNTY_LFGE,61756.0,MHK VL
323574,MAPLE_RIDGE_WT_1,61756.0,MHK VL
323611,MAPLE_RIDGE_WT_2,61756.0,MHK VL
323696,MARBLE_RIVER_WT_PWR,61755.0,NORTH
323713,MARSH_HILL_WT_PWR,61754.0,CENTRL
24185,MG INDUSTRY___DRP,61757.0,CAPITL
23849,MID___OSWEGATCHIE_HYD,61756.0,MHK VL
23851,MID___RAQUETTE_HYD,61756.0,MHK VL
23584,MILLIKEN___1,61754.0,CENTRL
23585,MILLIKEN___2,61754.0,CENTRL
23629,MILLIKEN___DIESEL,61754.0,CENTRL
323607,MILLSEAT___LFGE,61753.0,GENESE
345005,MILLWOOD_138_KV_38W41_REV_LBMP_H,61759.0,MILLWD
24167,MODEL_CITY_ENERGY,61752.0,WEST
323580,MODERN_LFGE__,61752.0,WEST
24187,MOHAWK_PAPER___DRP,61757.0,CAPITL
23641,MONGAUP___HYD,61758.0,HUD VL
23721,MONTAUK___DIESEL,61762.0,LONGIL
345006,MOTTHAVN_138_KV_9M4_REV_LBMP_J,61761.0,N.Y.C.
323609,MUNSVILLE_WIND_PWR,61756.0,MHK VL
24042,N SALMON___HYD,61755.0,NORTH
345014,N.HEMPST_138_KV_BK345_REV_LBMP_G,61758.0,HUD VL
24228,NARROWS_GT1_1,61761.0,N.Y.C.
24229,NARROWS_GT1_2,61761.0,N.Y.C.
24230,NARROWS_GT1_3,61761.0,N.Y.C.
24231,NARROWS_GT1_4,61761.0,N.Y.C.
24232,NARROWS_GT1_5,61761.0,N.Y.C.
24233,NARROWS_GT1_6,61761.0,N.Y.C.
24234,NARROWS_GT1_7,61761.0,N.Y.C.
24235,NARROWS_GT1_8,61761.0,N.Y.C.
24236,NARROWS_GT2_1,61761.0,N.Y.C.
24237,NARROWS_GT2_2,61761.0,N.Y.C.
24238,NARROWS_GT2_3,61761.0,N.Y.C.
24239,NARROWS_GT2_4,61761.0,N.Y.C.
24240,NARROWS_GT2_5,61761.0,N.Y.C.
24241,NARROWS_GT2_6,61761.0,N.Y.C.
24242,NARROWS_GT2_7,61761.0,N.Y.C.
24243,NARROWS_GT2_8,61761.0,N.Y.C.
345022,NCATSKLL_69_KV_NC-LINE_REV_LBMP_G,61758.0,HUD VL
23528,NEG_PENN_ALLEGHNY,61754.0,CENTRL
24207,NEG___GEN_MONROE,61753.0,GENESE
23645,NEG CAPITAL___MECHNVIL,61757.0,CAPITL
23767,NEG CENTRAL_HIGH_ACRES,61754.0,CENTRL
24199,NEG CENTRAL___DRP,61754.0,CENTRL
23768,NEG CENTRAL___INDECK,61754.0,CENTRL
23627,NEG CENTRAL___SENECA,61754.0,CENTRL
24147,NEG CENTRAL___STATE_STREET,61754.0,CENTRL
24198,NEG MILLWOOD___DRP,61759.0,MILLWD
23793,NEG NORTH_FLCN_SEA,61755.0,NORTH
23792,NEG NORTH_KES_CHATEGAY,61755.0,NORTH
23915,NEG NORTH___ALICE_FALLS,61755.0,NORTH
23913,NEG NORTH___LWR_SARANAC,61755.0,NORTH
23628,NEG NORTH___PLATTSBURG,61755.0,NORTH
23791,NEG WEST_LEA_LOCKPORT,61752.0,WEST
23811,NEG WEST___LANCASTR,61752.0,WEST
23901,NEPA___ENERGY,61752.0,WEST
23608,NEVERSINK___HYD,61758.0,HUD VL
23847,NEWTON___FALLS_HYD,61756.0,MHK VL
323715,NIAGARA_115E_LBMP,61752.0,WEST
323714,NIAGARA_115W_LBMP,61752.0,WEST
323716,NIAGARA_230_LBMP,61752.0,WEST
23760,NIAGARA____,61752.0,WEST
23575,NINE_MILE_1,61754.0,CENTRL
23744,NINE_MILE_2,61754.0,CENTRL
24208,NM_CAPITAL___DRP,61757.0,CAPITL
24181,NM_CENTRAL___DRP,61754.0,CENTRL
24179,NM_FRONTIER___DRP,61752.0,WEST
24053,NM_ST_REGIS___HYD,61755.0,NORTH
23551,NORTHPORT___1,61762.0,LONGIL
23552,NORTHPORT___2,61762.0,LONGIL
23553,NORTHPORT___3,61762.0,LONGIL
23650,NORTHPORT___4,61762.0,LONGIL
23718,NORTHPORT___IC,61762.0,LONGIL
23858,NSINS_S._GLNS_FALLS,61757.0,CAPITL
24197,NUCOR_STEEL___DRP,61754.0,CENTRL
24008,NYISO_LBMP_REFERENCE,61756.0,MHK VL
323568,NYPA___ASTORIA_CC1,61761.0,N.Y.C.
323569,NYPA___ASTORIA_CC2,61761.0,N.Y.C.
23794,NYPA___HOLTSVILL,61762.0,LONGIL
24158,NYPA_____HELLGATE_GT1,61761.0,N.Y.C.
24159,NYPA_____HELLGATE_GT2,61761.0,N.Y.C.
24164,NYPA_BRENTWD_____GT,61762.0,LONGIL
24156,NYPA_GOWANUS_____GT5,61761.0,N.Y.C.
24157,NYPA_GOWANUS_____GT6,61761.0,N.Y.C.
24160,NYPA_HARLEM__RVR__GT1,61761.0,N.Y.C.
24161,NYPA_HARLEM__RVR__GT2,61761.0,N.Y.C.
24152,NYPA_KENT_____GT,61761.0,N.Y.C.
24155,NYPA_POUCH1_____GT,61761.0,N.Y.C.
24162,NYPA_VERNON_____GT2,61761.0,N.Y.C.
24163,NYPA_VERNON_____GT3,61761.0,N.Y.C.
23848,NYS_BARGE___HYD,61752.0,WEST
24046,OAK ORCHARD___HYD,61753.0,GENESE
24175,OCC_CHEM___DRP,61752.0,WEST
24177,OLIN_CORP_DRP,61752.0,WEST
323712,OLIN_CORP_DSASP,61752.0,WEST
323681,ONEIDA_HERK_LFGE,61756.0,MHK VL
23987,ONONDAGA_REF_OCCRA,61754.0,CENTRL
23986,ONONDAGA___COGEN,61754.0,CENTRL
23819,ONTARIO___LFGE,61754.0,CENTRL
323706,ORANGEVILLE_WT_PWR,61754.0,CENTRL
24044,OSWEGATCHIE___HYD,61756.0,MHK VL
23606,OSWEGO___5,61754.0,CENTRL
23613,OSWEGO___6,61754.0,CENTRL
24206,OUTOKUMPU-AB___DRP,61752.0,WEST
24026,OXBOW____,61752.0,WEST
323612,OXY_CHEM_DSASP,61752.0,WEST
345013,PACKARD_115_KV_ADAMS_187_REV_LBMP_A,61752.0,WEST
923512,PARENT_SP_ARTKLGRP,61761.0,N.Y.C.
923568,PARENT_SP_AST500,61761.0,N.Y.C.
924094,PARENT_SP_ASTGTGP2,61761.0,N.Y.C.
924106,PARENT_SP_ASTGTGRP,61761.0,N.Y.C.
924149,PARENT_SP_ASTORGRP,61761.0,N.Y.C.
923584,PARENT_SP_CAYUGGRP,61754.0,CENTRL
923586,PARENT_SP_DANSKGRP,61758.0,HUD VL
923579,PARENT_SP_GOUDEY,61754.0,CENTRL
924077,PARENT_SP_GOWANGRP,61761.0,N.Y.C.
924157,PARENT_SP_GOWANUS,61761.0,N.Y.C.
923582,PARENT_SP_GREENGRP,61754.0,CENTRL
924156,PARENT_SP_GWANSGRP,61761.0,N.Y.C.
924160,PARENT_SP_HARLMGRP,61761.0,N.Y.C.
924158,PARENT_SP_HELGTGRP,61761.0,N.Y.C.
924228,PARENT_SP_NARROGRP,61761.0,N.Y.C.
923533,PARENT_SP_RAVENSWD,61761.0,N.Y.C.
923587,PARENT_SP_ROSETON,61758.0,HUD VL
924162,PARENT_SP_VRNONGRP,61761.0,N.Y.C.
345019,PARKCHTR_13_KV_CPCTY_REV_LBMP_J,61761.0,N.Y.C.
345007,PARKCHTR_138_KV_TB2S_REV_LBMP_J,61761.0,N.Y.C.
345030,PAVMNTRD_115_KV_BK1_REV_LBMP_A,61752.0,WEST
345028,PAWLING_115_KV_BK3_REV_LBMP_H,61759.0,MILLWD
23653,PEEKSKILL____,61759.0,MILLWD
24146,PGE MADISON___WINDPWR,61756.0,MHK VL
23852,PIERCEFIELD___HYD,61756.0,MHK VL
323563,PINELAWN_CC_1,61762.0,LONGIL
24000,PLEASANTVLY___LBMP,61758.0,HUD VL
345020,PLSNTVLE_13_KV_13KVDISA_REV_LBMP_I,61760.0,DUNWOD
345023,PLSTVYCH_69_KV_RQ-3_RG2_REV_LBMP_G,61758.0,HUD VL
23519,POLETTI____,61761.0,N.Y.C.
23555,PORT_JEFF_3,61762.0,LONGIL
23616,PORT_JEFF_4,61762.0,LONGIL
23713,PORT_JEFF_IC,61762.0,LONGIL
24213,PPL_SHRM_GT3,61762.0,LONGIL
24214,PPL_SHRM_GT4,61762.0,LONGIL
24216,PPL PILGRIM_ST_GT1,61762.0,LONGIL
24217,PPL PILGRIM_ST_GT2,61762.0,LONGIL
23990,PROJECT___ORANGE,61754.0,CENTRL
24174,PROJECT___ORANGE 1,61754.0,CENTRL
24166,PROJECT___ORANGE 2,61754.0,CENTRL
24023,PYRITES___HYD,61756.0,MHK VL
323565,RAMAPO___LBMP,61758.0,HUD VL
23646,RANKINE____,61752.0,WEST
23729,RAVENSWOOD_GT_1,61761.0,N.Y.C.
24258,RAVENSWOOD_GT_10,61761.0,N.Y.C.
24259,RAVENSWOOD_GT_11,61761.0,N.Y.C.
24252,RAVENSWOOD_GT_4,61761.0,N.Y.C.
24254,RAVENSWOOD_GT_5,61761.0,N.Y.C.
24253,RAVENSWOOD_GT_6,61761.0,N.Y.C.
24255,RAVENSWOOD_GT_7,61761.0,N.Y.C.
24256,RAVENSWOOD_GT_8  TEMP GRP(8-11),61761.0,N.Y.C.
24257,RAVENSWOOD_GT_9,61761.0,N.Y.C.
24244,RAVENSWOOD_GT2_1,61761.0,N.Y.C.
24245,RAVENSWOOD_GT2_2,61761.0,N.Y.C.
24246,RAVENSWOOD_GT2_3,61761.0,N.Y.C.
24247,RAVENSWOOD_GT2_4,61761.0,N.Y.C.
24248,RAVENSWOOD_GT3_1,61761.0,N.Y.C.
24249,RAVENSWOOD_GT3_2,61761.0,N.Y.C.
24250,RAVENSWOOD_GT3_3,61761.0,N.Y.C.
24251,RAVENSWOOD_GT3_4,61761.0,N.Y.C.
23533,RAVENSWOOD___1,61761.0,N.Y.C.
23534,RAVENSWOOD___2,61761.0,N.Y.C.
23535,RAVENSWOOD___3,61761.0,N.Y.C.
23820,RAVENSWOOD___4,61761.0,N.Y.C.
24196,RCPI_TRUST___DRP,61761.0,N.Y.C.
23796,RENSSELAER___COGEN,61757.0,CAPITL
24186,REVERE_CPPR_DRP,61756.0,MHK VL
323610,RIVERBAY____,61761.0,N.Y.C.
23652,ROCHESTER_9_IC,61753.0,GENESE
23587,ROSETON___1,61758.0,HUD VL
23588,ROSETON___2,61758.0,HUD VL
23602,RUSSELL___1,61753.0,GENESE
23532,RUSSELL___2,61753.0,GENESE
23549,RUSSELL___3,61753.0,GENESE
23556,RUSSELL___4,61753.0,GENESE
23914,RUSSELL___STATION,61753.0,GENESE
24043,S SALMON___HYD,61754.0,CENTRL
345024,SAWYER_23_KV_LOAD_REV_LBMP_A,61752.0,WEST
23801,SELKIRK___I,61757.0,CAPITL
23799,SELKIRK___II,61757.0,CAPITL
23797,SENECA___ENERGY,61754.0,CENTRL
24041,SENECA OSWGO___HYD,61754.0,CENTRL
23640,SHOEMAKER___GT,61758.0,HUD VL
23715,SHOREHAM_IC_1,61762.0,LONGIL
23716,SHOREHAM_IC_2,61762.0,LONGIL
23735,SISSONVILLE____,61756.0,MHK VL
24169,SITHE_IND_GS1,61754.0,CENTRL
24170,SITHE_IND_GS2,61754.0,CENTRL
24171,SITHE_IND_GS3,61754.0,CENTRL
24172,SITHE_IND_GS4,61754.0,CENTRL
24024,SITHE___BATAVIA,61753.0,GENESE
23800,SITHE___INDEPEND,61754.0,CENTRL
23902,SITHE___MASSENA,61755.0,NORTH
24021,SITHE___OGDNSBRG,61756.0,MHK VL
23777,SITHE___STERLING,61756.0,MHK VL
23612,SOUTH CAIRO___GT,61758.0,HUD VL
23720,SOUTH HAMPTN___IC,61762.0,LONGIL
23719,SOUTHOLD___IC,61762.0,LONGIL
23600,ST LAWRENCE____,61755.0,NORTH
23604,STATION 5_MISC_HYD,61753.0,GENESE
345032,STA_168_34_KV_BK1_2_REV_LBMP_B,61753.0,GENESE
345033,STA_56_34_KV_BUS2_REV_LBMP_B,61753.0,GENESE
323596,STEEL___WIND,61752.0,WEST
323667,STEUBEN_REC_LFGE,61754.0,CENTRL
24151,STONY___BROOK,61762.0,LONGIL
23609,STURGEON_POOL_HYD,61758.0,HUD VL
345026,SUGRLOAF_69_KV_LOAD_REV_LBMP_G,61758.0,HUD VL
323694,SYNERGY___BIOGAS,61753.0,GENESE
323597,SYRACUSE___ENERGY_ST1,61754.0,CENTRL
323598,SYRACUSE___ENERGY_ST2,61754.0,CENTRL
24017,SYRACUSE___POWER,61754.0,CENTRL
323695,TRIGEN___CC,61762.0,LONGIL
323587,UNION___PROCESSING_DRP,61753.0,GENESE
24058,UPPER HUDSON___HYD,61757.0,CAPITL
24056,UPPER RAQUET___HYD,61756.0,MHK VL
345011,VINEGAR_115_KV_917_CH_LD_REV_LBMP_E,61756.0,MHK VL
24020,VISCHER___FERRY HYD,61757.0,CAPITL
345027,W.NYACK_69_KV_BK 521_REV_LBMP_G,61758.0,HUD VL
345008,W49TH_ST_138_KV_38M43_REV_LBMP_J,61761.0,N.Y.C.
23522,WADING RIVER_IC_1,61762.0,LONGIL
23547,WADING RIVER_IC_2,61762.0,LONGIL
23601,WADING RIVER_IC_3,61762.0,LONGIL
24148,WALDEN___HYDRO,61758.0,HUD VL
23737,WARRENSBURG____,61757.0,CAPITL
23538,WATERSIDE___6 8 9,61761.0,N.Y.C.
323627,WDELAWARE___HYD,61758.0,HUD VL
23714,WEST BABYLON___IC,61762.0,LONGIL
24049,WEST CANADA___HYD,61756.0,MHK VL
24143,WESTERN_NY_WIND,61753.0,GENESE
323668,WESTOVER___LESR,61754.0,CENTRL
323626,WETHRSFD_WT_PWR,61754.0,CENTRL
345015,WHAVSTOR_138_KV_BK127_REV_LBMP_G,61758.0,HUD VL
23770,YORK___WARBASSE,61761.0,N.Y.C.
61757,CAPITL,61757.0,CAPITL
61754,CENTRL,61754.0,CENTRL
61760,DUNWOD,61760.0,DUNWOD
61753,GENESE,61753.0,GENESE
61758,HUD VL,61758.0,HUD VL
61762,LONGIL,61762.0,LONGIL
61756,MHK VL,61756.0,MHK VL
61759,MILLWD,61759.0,MILLWD
61761,N.Y.C.,61761.0,N.Y.C.
61755,NORTH,61755.0,NORTH
61752,WEST,61752.0,WEST
